{
  "project": {
    "name": "Soccer Player Recognition",
    "version": "1.0.0",
    "author": "AI Research Team",
    "description": "Advanced AI system for soccer player analysis"
  },
  "models": {
    "rf_detr": {
      "model_name": "rf-detr",
      "model_path": "models/pretrained/rf_detr/rf_detr_epoch_20.pth",
      "input_size": [
        640,
        640
      ],
      "confidence_threshold": 0.6,
      "nms_threshold": 0.5,
      "batch_size": 2,
      "num_workers": 4,
      "class_names": [
        "player",
        "ball",
        "referee",
        "goalkeeper"
      ],
      "device": "cuda",
      "pretrained": true
    },
    "sam2": {
      "model_name": "sam2",
      "model_path": "models/pretrained/sam2/sam2_hiera_large.pt",
      "input_size": [
        1024,
        1024
      ],
      "confidence_threshold": 0.75,
      "batch_size": 1,
      "num_workers": 2,
      "device": "cuda",
      "predictor_type": "SAM2Predictor",
      "use_multimask": true
    },
    "siglip": {
      "model_name": "siglip",
      "model_path": "models/pretrained/siglip/siglip-vit-so400m-14-e384.pt",
      "input_size": [
        384,
        384
      ],
      "batch_size": 32,
      "num_workers": 4,
      "device": "cuda",
      "temperature": 100.0,
      "num_player_classes": 25
    },
    "resnet": {
      "model_name": "resnet",
      "model_path": "models/pretrained/resnet/resnet50-0676ba61.pth",
      "input_size": [
        224,
        224
      ],
      "batch_size": 64,
      "num_workers": 8,
      "device": "cuda",
      "architecture": "resnet50",
      "num_classes": 25,
      "dropout": 0.5,
      "learning_rate": 0.001
    }
  },
  "ensemble": {
    "enabled": true,
    "voting_strategy": "soft",
    "weights": {
      "rf_detr": 0.3,
      "sam2": 0.2,
      "siglip": 0.3,
      "resnet": 0.2
    },
    "consensus_threshold": 0.6,
    "threshold_calibration": {
      "method": "balanced",
      "target_tpr": 0.95
    }
  },
  "system": {
    "device": "cuda",
    "device_id": 0,
    "mixed_precision": true,
    "compile_model": false,
    "gradient_checkpointing": true,
    "max_memory_fraction": 0.8,
    "clear_cache_frequency": 10,
    "num_workers": 4,
    "pin_memory": true,
    "persistent_workers": true
  },
  "performance": {
    "enable_caching": true,
    "cache_size_mb": 512,
    "memory_pool_size": 1024,
    "fuse_conv_bn": true,
    "remove_dropout_inference": true
  },
  "logging": {
    "level": "INFO",
    "format": "%(asctime)s - %(name)s - %(levelname)s - %(message)s",
    "log_to_file": true,
    "log_file_path": "logs/system.log",
    "log_model_summary": true,
    "log_training_history": true,
    "log_performance_metrics": true
  },
  "data": {
    "data_dir": "data",
    "output_dir": "outputs",
    "model_dir": "models",
    "cache_dir": "cache",
    "dataset_path": "data/datasets",
    "supported_image_formats": [
      ".jpg",
      ".jpeg",
      ".png",
      ".bmp"
    ],
    "supported_video_formats": [
      ".mp4",
      ".avi",
      ".mov"
    ],
    "auto_cleanup": true,
    "cleanup_threshold_gb": 10.0
  }
}