{
  "demo_info": {
    "name": "Standalone Single Model Demo",
    "date": "2025-11-04 12:37:09",
    "version": "1.0",
    "type": "standalone",
    "models_tested": [
      "rf_detr",
      "sam2",
      "siglip",
      "resnet"
    ],
    "total_tests": 4
  },
  "model_configs": {
    "rf_detr": {
      "name": "RF-DETR (Real-time Football Detection)",
      "type": "detection",
      "description": "Real-time object detection for soccer players, ball, and referees",
      "input_size": [
        640,
        640
      ],
      "supported_formats": [
        "image",
        "video"
      ],
      "capabilities": [
        "bbox_detection",
        "classification",
        "confidence_scoring"
      ]
    },
    "sam2": {
      "name": "SAM2 (Segment Anything Model 2)",
      "type": "segmentation",
      "description": "Advanced segmentation for precise player masking",
      "input_size": [
        1024,
        1024
      ],
      "supported_formats": [
        "image",
        "video"
      ],
      "capabilities": [
        "instance_segmentation",
        "mask_generation",
        "point_prompts"
      ]
    },
    "siglip": {
      "name": "SigLIP (Multimodal Recognition)",
      "type": "identification",
      "description": "Multimodal model for player identification and team classification",
      "input_size": [
        384,
        384
      ],
      "supported_formats": [
        "image",
        "video",
        "text"
      ],
      "capabilities": [
        "player_id",
        "team_classification",
        "text_matching"
      ]
    },
    "resnet": {
      "name": "ResNet (Player Classifier)",
      "type": "classification",
      "description": "Deep learning model for player feature extraction and classification",
      "input_size": [
        224,
        224
      ],
      "supported_formats": [
        "image"
      ],
      "capabilities": [
        "feature_extraction",
        "player_classification",
        "similarity_matching"
      ]
    }
  },
  "test_results": {
    "rf_detr": {
      "model": "RF-DETR",
      "model_info": {
        "name": "RF-DETR (Real-time Football Detection)",
        "type": "detection",
        "description": "Real-time object detection for soccer players, ball, and referees",
        "input_size": [
          640,
          640
        ],
        "supported_formats": [
          "image",
          "video"
        ],
        "capabilities": [
          "bbox_detection",
          "classification",
          "confidence_scoring"
        ]
      },
      "success": true,
      "processing_time": 0.5000896453857422,
      "detections": {
        "objects": [
          {
            "class": "player",
            "bbox": [
              175,
              175,
              225,
              225
            ],
            "confidence": 0.95,
            "jersey_number": 10
          },
          {
            "class": "player",
            "bbox": [
              375,
              275,
              425,
              325
            ],
            "confidence": 0.92,
            "jersey_number": 7
          },
          {
            "class": "ball",
            "bbox": [
              310,
              170,
              330,
              190
            ],
            "confidence": 0.89,
            "jersey_number": null
          },
          {
            "class": "player",
            "bbox": [
              775,
              275,
              825,
              325
            ],
            "confidence": 0.87,
            "jersey_number": 11
          }
        ]
      },
      "accuracy": 0.5,
      "metrics": {
        "detection_accuracy": 0.5,
        "avg_confidence": 0.9075000000000001,
        "processing_fps": 1.9996414827358682,
        "detected_objects": 4,
        "players_detected": 3,
        "ball_detected": 1
      }
    },
    "sam2": {
      "model": "SAM2",
      "model_info": {
        "name": "SAM2 (Segment Anything Model 2)",
        "type": "segmentation",
        "description": "Advanced segmentation for precise player masking",
        "input_size": [
          1024,
          1024
        ],
        "supported_formats": [
          "image",
          "video"
        ],
        "capabilities": [
          "instance_segmentation",
          "mask_generation",
          "point_prompts"
        ]
      },
      "success": true,
      "processing_time": 0.800501823425293,
      "masks": [
        {
          "mask_id": 1,
          "mask": 