{
  "todos": {
    "Coordinator": {
      "1": {
        "id": "1",
        "content": "Create project structure and setup files",
        "details": "Set up the complete project directory structure with configuration files, requirements.txt, setup scripts, and base infrastructure",
        "status": "completed",
        "priority": "high"
      },
      "2": {
        "id": "2",
        "content": "Implement RF-DETR soccer player detection",
        "details": "Create complete implementation with model loading, inference pipeline, real-time detection, and soccer-specific classes (players, goalkeepers, referees, ball)",
        "status": "completed",
        "priority": "high"
      },
      "3": {
        "id": "3",
        "content": "Implement SAM2 video segmentation and tracking",
        "details": "Build video segmentation pipeline with frame-by-frame tracking, occlusion handling, and player movement analysis",
        "status": "completed",
        "priority": "high"
      },
      "4": {
        "id": "4",
        "content": "Implement SigLIP zero-shot player identification",
        "details": "Create multimodal player identification system with zero-shot classification, similarity search, and player clustering capabilities",
        "status": "completed",
        "priority": "high"
      },
      "5": {
        "id": "5",
        "content": "Implement ResNet-based player recognition",
        "details": "Build ResNet backbone implementation for player detection, classification, and identification with jersey number recognition",
        "status": "completed",
        "priority": "high"
      },
      "6": {
        "id": "6",
        "content": "Create integration framework and pipeline",
        "details": "Build unified framework that can run all models, switch between approaches, and combine outputs for comprehensive recognition",
        "status": "completed",
        "priority": "medium"
      },
      "7": {
        "id": "7",
        "content": "Create demo applications and examples",
        "details": "Build working demo applications showing each model in action, with sample videos and practical usage examples",
        "status": "completed",
        "priority": "medium"
      },
      "8": {
        "id": "8",
        "content": "Create comprehensive documentation and tutorials",
        "details": "Generate complete technical documentation, API references, usage tutorials, and troubleshooting guides",
        "status": "completed",
        "priority": "medium"
      }
    }
  }
}