{
  "demo_info": {
    "date": "2025-11-04",
    "version": "1.0",
    "components_tested": [
      "ResNetPlayerClassifier",
      "PlayerRecognitionModel",
      "JerseyNumberExtractor",
      "JerseyRecognizer",
      "ResNetPreprocessor",
      "ResNetFeatureExtractor",
      "ResNetDatasetProcessor",
      "ResNetModelEvaluator"
    ]
  },
  "test_results": "All tests completed successfully",
  "features": [
    "Player classification using ResNet",
    "Jersey number recognition with OCR",
    "Image preprocessing and data augmentation",
    "Feature extraction and analysis",
    "Model evaluation and statistics",
    "Dataset processing and validation"
  ],
  "usage_examples": {
    "player_identification": "player_model.identify_player(image)",
    "jersey_recognition": "jersey_recognizer.recognize_jersey_number(image)",
    "feature_extraction": "player_model.extract_player_features(image)",
    "preprocessing": "preprocessor.preprocess_image(image)"
  }
}