{
  "image_info": {
    "type": "synthetic_soccer_field",
    "dimensions": [
      600,
      800,
      3
    ],
    "players_count": 8,
    "ball_count": 1
  },
  "timestamp": 1762230938.8440194,
  "stages": {
    "detection": {
      "model": "RF-DETR",
      "detections": [
        {
          "bbox": [
            175,
            175,
            225,
            225
          ],
          "class": "player",
          "confidence": 0.95,
          "jersey_number": 10,
          "team": "A"
        },
        {
          "bbox": [
            275,
            235,
            325,
            265
          ],
          "class": "player",
          "confidence": 0.92,
          "jersey_number": 7,
          "team": "A"
        },
        {
          "bbox": [
            385,
            285,
            415,
            315
          ],
          "class": "player",
          "confidence": 0.88,
          "jersey_number": 9,
          "team": "A"
        },
        {
          "bbox": [
            485,
            335,
            515,
            365
          ],
          "class": "ball",
          "confidence": 0.85,
          "jersey_number": null,
          "team": null
        },
        {
          "bbox": [
            585,
            385,
            615,
            415
          ],
          "class": "player",
          "confidence": 0.82,
          "jersey_number": 11,
          "team": "A"
        }
      ],
      "processing_time": 0.02006983757019043,
      "num_detections": 5,
      "success": true
    },
    "segmentation": {
      "model": "SAM2",
      "masks": [
        {
          "mask_id": 1,
          "center": [
            200,
            200
          ],
          "area": "2821",
          "confidence": 0.9,
          "class": "player",
          "jersey_number": 10
        },
        {
          "mask_id": 2,
          "center": [
            280,
            240
          ],
          "area": "2821",
          "confidence": 0.85,
          "class": "player",
          "jersey_number": 11
        },
        {
          "mask_id": 3,
          "center": [
            360,
            280
          ],
          "area": "2821",
          "confidence": 0.8,
          "class": "player",
          "jersey_number": 12
        },
        {
          "mask_id": 4,
          "center": [
            440,
            320
          ],
          "area": "2821",
          "confidence": 0.75,
          "class": "player",
          "jersey_number": 13
        },
        {
          "mask_id": 5,
          "center": [
            520,
            360
          ],
          "area": "2821",
          "confidence": 0.7,
          "class": "player",
          "jersey_number": 14
        }
      ],
      "processing_time": 0.05176377296447754,
      "num_masks": 5,
      "success": true
    },
    "identification": {
      "model": "SigLIP",
      "identification": {
        "player_id": "P10",
        "jersey_number": 10,
        "team": "Team A",
        "confidence": 0.89,
        "team_probability": {
          "team_a": 0.89,
          "team_b": 0.08,
          "referee": 0.03
        }
      },
      "processing_time": 0.030062198638916016,
      "success": true
    },
    "classification": {
      "model": "ResNet",
      "classification": {
        "predicted_class": 10,
        "confidence": 0.12724273186650367,
        "top_5_predictions": [
          {
            "class_id": 10,
            "player_name": "Player 11",
            "probability": 0.12724273186650367
          },
          {
            "class_id": 16,
            "player_name": "Player 17",
            "probability": 0.1261436822398637
          },
          {
            "class_id": 18,
            "player_name": "Player 19",
            "probability": 0.10701295428567176
          },
          {
            "class_id": 5,
            "player_name": "Player 6",
            "probability": 0.07924558371849376
          },
          {
            "class_id": 0,
            "player_name": "Player 1",
            "probability": 0.0721808968496769
          }
        ]
      },
      "processing_time": 0.02398991584777832,
      "success": true
    }
  },
  "pipeline_time": 0.1264476776123047,
  "integrated_results": {
    "total_detections": 5,
    "segmented_players": 5,
    "identified_players": [
      {
        "jersey_number": 10,
        "team": "Team A",
        "confidence": 0.89
      }
    ],
    "classified_players": [
      {
        "class_id": 10,
        "confidence": 0.12724273186650367,
        "top_5": [
          {
            "class_id": 10,
            "player_name": "Player 11",
            "probability": 0.12724273186650367
          },
          {
            "class_id": 16,
            "player_name": "Player 17",
            "probability": 0.1261436822398637
          },
          {
            "class_id": 18,
            "player_name": "Player 19",
            "probability": 0.10701295428567176
          },
          {
            "class_id": 5,
            "player_name": "Player 6",
            "probability": 0.07924558371849376
          },
          {
            "class_id": 0,
            "player_name": "Player 1",
            "probability": 0.0721808968496769
          }
        ]
      }
    ],
    "processing_summary": {
      "detection_time": 0.02006983757019043,
      "segmentation_time": 0.05176377296447754,
      "identification_time": 0.030062198638916016,
      "classification_time": 0.02398991584777832
    },
    "pipeline_efficiency": 39.71856220513899
  }
}